,Datetime,Open,Close,High,Low,Adj Close,Volume,Gain,Loss,Average Gain,Average Loss,Relative Strength,Relative Strength Index
0,2024-10-08 09:15:00+05:30,86.68000031,87.5,88.36000061,86.48999786,87.5,0,0,0,0,0,,
1,2024-10-08 09:16:00+05:30,87.5,89.09999847,89.30000305,87.11000061,89.09999847,2522767,2.419998169,0,0,0,,
2,2024-10-08 09:17:00+05:30,89.04000092,89.55000305,89.62999725,88.51000214,89.55000305,1981862,2.050003052,0,0,0,,
3,2024-10-08 09:18:00+05:30,89.62999725,89.90000153,90.25,89.62999725,89.90000153,1691744,0.86000061,0,0,0,,
4,2024-10-08 09:19:00+05:30,89.80000305,90.01000214,90.27999878,89.62000275,90.01000214,1183251,0.380004883,0,0,0,,
5,2024-10-08 09:20:00+05:30,89.90000153,90.83999634,90.84999847,89.90000153,90.83999634,1127807,1.039993286,0,0,0,,
6,2024-10-08 09:21:00+05:30,90.73999786,90.40000153,90.80999756,90.40000153,90.40000153,350897,0.5,0,0,0,,
7,2024-10-08 09:22:00+05:30,92.01999664,92.77999878,93.29000092,92.01999664,92.77999878,3357563,2.040000916,0,0,0,,
8,2024-10-08 09:23:00+05:30,93,92.86000061,93,92.86000061,92.86000061,211781,0.840003967,0,0,0,,
9,2024-10-08 09:24:00+05:30,92.55000305,91.58999634,92.68000031,91.48000336,91.58999634,1883651,0,1.410003662,0,0,,
10,2024-10-08 09:25:00+05:30,91.55000305,92.26999664,92.26999664,91.43000031,92.26999664,404699,0,0.280006409,0,0,,
11,2024-10-08 09:26:00+05:30,92.69999695,92.73999786,92.94999695,92.55999756,92.73999786,1261584,1.189994812,0,0,0,,
12,2024-10-08 09:27:00+05:30,92.66999817,91.98999786,92.66999817,91.98999786,91.98999786,313733,0,0.709999084,0,0,,
13,2024-10-08 09:28:00+05:30,91.34999847,92.08000183,92.12999725,91.34999847,92.08000183,1009873,0,0.589996338,0,0,,
14,2024-10-08 09:29:00+05:30,92.09999847,92.12000275,92.12000275,92.01000214,92.12000275,54865,0.770004272,0,0.863571712,0.213571821,4.043472159,80.17238981
15,2024-10-08 09:30:00+05:30,91.90000153,92.37999725,92.43000031,91.76999664,92.37999725,636157,0.279998779,0,0.821887931,0.198316691,4.144320518,80.5610868
16,2024-10-08 09:31:00+05:30,92.48000336,92.62000275,92.76999664,92.41999817,92.62000275,226975,0.720001221,0,0.814610309,0.184151213,4.423594587,81.5620437
17,2024-10-08 09:32:00+05:30,92.41000366,92.08000183,92.41000366,92.05999756,92.08000183,401884,0,0.400001526,0.756423858,0.199569092,3.790285605,79.12441799
18,2024-10-08 09:33:00+05:30,92.58000183,92.30000305,92.62999725,92.16000366,92.30000305,563020,0,0.11000061,0.702393583,0.193171344,3.636116875,78.43022454
19,2024-10-08 09:34:00+05:30,92.29000092,92.87999725,93.30000305,92.20999908,92.87999725,980493,0.299995422,0,0.673650857,0.179373391,3.755578543,78.97206426
20,2024-10-08 09:35:00+05:30,92.87999725,92.22000122,92.87999725,92.12000275,92.22000122,609095,0,0.069999695,0.625532939,0.171560984,3.646125855,78.47669152
21,2024-10-08 09:36:00+05:30,92.19999695,92.06999969,92.43000031,92,92.06999969,319387,0,0.809997559,0.580852014,0.217163596,2.674720922,72.78704911
22,2024-10-08 09:37:00+05:30,91.91000366,91.25,92,91.18000031,91.25,799384,0,0.949996948,0.539362585,0.269508836,2.001279785,66.68088044
23,2024-10-08 09:38:00+05:30,91.23000336,91.01000214,91.33000183,90.93000031,91.01000214,826353,0,0.900001526,0.500836686,0.314544028,1.592262582,61.42366105
24,2024-10-08 09:39:00+05:30,91.01999664,90.91999817,91.05000305,90.56999969,90.91999817,584006,0,0.310005188,0.465062637,0.314219825,1.480055044,59.6783143
25,2024-10-08 09:40:00+05:30,90.91999817,91.34999847,91.36000061,90.80000305,91.34999847,531116,0.330001831,0,0.455415436,0.291775552,1.56084166,60.95033849
26,2024-10-08 09:41:00+05:30,91.37000275,90.81999969,91.37000275,90.58999634,90.81999969,377459,0,0.099998474,0.422885762,0.278077189,1.520749558,60.32926013
27,2024-10-08 09:42:00+05:30,90.91000366,90.94999695,90.97000122,90.88999939,90.94999695,138799,0,0.420005798,0.392679637,0.288214947,1.362454102,57.67113531
28,2024-10-08 09:43:00+05:30,90.94000244,90.84999847,90.94999695,90.73000336,90.84999847,318449,0,0.060005188,0.364631091,0.27191425,1.340978236,57.28281517
29,2024-10-08 09:44:00+05:30,90.86000061,91.31999969,91.44999695,90.84999847,91.31999969,300191,0.379997253,0,0.365728674,0.252491803,1.448477413,59.15829181
30,2024-10-08 09:45:00+05:30,91.31999969,91.06999969,91.40000153,90.95999908,91.06999969,221803,0.209999084,0,0.354605132,0.234456675,1.512454839,60.19828956
31,2024-10-08 09:46:00+05:30,91.06999969,91.36000061,91.36000061,91.01000214,91.36000061,140647,0.040000916,0,0.332133402,0.217709769,1.525578771,60.40511539
32,2024-10-08 09:47:00+05:30,91.30000305,91.38999939,91.38999939,91.18000031,91.38999939,178399,0.319999695,0,0.331266709,0.202159071,1.638643799,62.10174331
33,2024-10-08 09:48:00+05:30,91.38999939,91.69999695,91.94999695,91.37000275,91.69999695,448606,0.399993896,0,0.336175794,0.187719138,1.790844544,64.16855241
34,2024-10-08 09:49:00+05:30,91.68000031,91.25,91.70999908,91.20999908,91.25,151489,0,0.13999939,0.312163237,0.184310584,1.693680469,62.87607192
35,2024-10-08 09:50:00+05:30,91.18000031,91.66999817,91.69999695,91.18000031,91.66999817,177859,0,0.010002136,0.289865863,0.171859981,1.686639678,62.77878243
36,2024-10-08 09:51:00+05:30,91.63999939,91.34999847,91.63999939,91.16000366,91.34999847,159481,0.169998169,0,0.281303885,0.159584268,1.762729424,63.80391104
37,2024-10-08 09:52:00+05:30,91.08999634,91.08999634,91.18000031,90.98000336,91.08999634,292776,0,0.550003052,0.26121075,0.187471324,1.393337096,58.21733589
38,2024-10-08 09:53:00+05:30,91.13999939,90.94999695,91.13999939,90.80999756,90.94999695,243244,0,0.13999939,0.242552839,0.184080472,1.317645687,56.85276635
39,2024-10-08 09:54:00+05:30,90.98999786,90.98000336,91.12999725,90.93000031,90.98000336,218840,0,0.159996033,0.225227637,0.182360154,1.235070442,55.25868084
40,2024-10-08 09:55:00+05:30,91.02999878,91,91.05000305,90.90000153,91,166396,0.010002136,0,0.209854387,0.169334429,1.239289539,55.34297898
41,2024-10-08 09:56:00+05:30,91,90.98000336,91.01999664,90.79000092,90.98000336,294753,0,0.049995422,0.194864788,0.160810214,1.211768719,54.78731609
42,2024-10-08 09:57:00+05:30,90.94999695,90.93000031,91.09999847,90.81999969,90.93000031,129277,0,0.069999695,0.180945874,0.154323749,1.172508287,53.97025612
43,2024-10-08 09:58:00+05:30,90.93000031,91.05999756,91.08999634,90.80000305,91.05999756,137790,0.11000061,0,0.175878355,0.143300624,1.227338379,55.1033642
44,2024-10-08 09:59:00+05:30,91.08000183,90.87000275,91.08000183,90.80999756,90.87000275,248770,0,0.059997559,0.163315616,0.137350405,1.189043569,54.31794899
45,2024-10-08 10:00:00+05:30,90.91999817,91.01000214,91.05000305,90.86000061,91.01000214,92697,0,0.069999695,0.151650215,0.13253964,1.144187616,53.3622901
46,2024-10-08 10:01:00+05:30,91.01999664,90.65000153,91.04000092,90.58000183,90.65000153,301923,0,0.269996643,0.140818056,0.142357997,0.989182618,49.72809479
47,2024-10-08 10:02:00+05:30,90.68000031,90.95999908,91.01000214,90.30000305,90.95999908,623877,0,0.059997559,0.130759624,0.136475109,0.958120678,48.9306246
48,2024-10-08 10:03:00+05:30,90.95999908,90.66000366,91,90.59999847,90.66000366,281582,0,0.019996643,0.121419651,0.128155218,0.947442111,48.65059176
49,2024-10-08 10:04:00+05:30,90.66999817,90.56999969,90.69999695,90.44000244,90.56999969,264905,0,0.38999939,0.112746818,0.146858373,0.767724821,43.43010925
50,2024-10-08 10:05:00+05:30,90.56999969,90.43000031,90.66000366,90.33000183,90.43000031,377557,0,0.239997864,0.104693474,0.153511194,0.681992442,40.54670076
51,2024-10-08 10:06:00+05:30,90.41000366,90.20999908,90.47000122,90.20999908,90.20999908,288411,0,0.36000061,0.097215369,0.168260438,0.57776724,36.61929499
52,2024-10-08 10:07:00+05:30,90.22000122,90.41000366,90.58999634,90.19999695,90.41000366,339778,0,0,0.090271414,0.156241835,0.57776724,36.61929499
53,2024-10-08 10:08:00+05:30,90.40000153,90.33000183,90.5,90.22000122,90.33000183,213694,0.11000061,0,0.091680642,0.145081704,0.631924216,38.72264472
54,2024-10-08 10:09:00+05:30,90.36000061,90.20999908,90.44999695,90.13999939,90.20999908,131274,0,0.190002441,0.085132025,0.148290328,0.574090205,36.47123927
55,2024-10-08 10:10:00+05:30,90.25,89.80000305,90.27999878,89.62999725,89.80000305,1025973,0,0.559997559,0.079051166,0.177697988,0.444862472,30.78926062
56,2024-10-08 10:11:00+05:30,89.87000275,89,89.87000275,89,89,844418,0,1.25,0.073404654,0.254290989,0.288664001,22.40025336
57,2024-10-08 10:12:00+05:30,88.97000122,89.15000153,89.23000336,88.86000061,89.15000153,778393,0,0.720001221,0.068161465,0.287556005,0.23703718,19.16168601
58,2024-10-08 10:13:00+05:30,89.12999725,89.08999634,89.37000275,88.76999664,89.08999634,469042,0.119995117,0,0.071863868,0.267016291,0.269136644,21.20627794
59,2024-10-08 10:14:00+05:30,89.02999878,89.16000366,89.16000366,88.93000031,89.16000366,218000,0.030006409,0,0.06887405,0.247943698,0.277781006,21.73932813
60,2024-10-08 10:15:00+05:30,89.18000031,89,89.22000122,88.80999756,89,441313,0,0.029998779,0.063954475,0.232376204,0.275219552,21.58213084
61,2024-10-08 10:16:00+05:30,89.01999664,89.34999847,89.38999939,88.90000153,89.34999847,408923,0.169998169,0,0.071529024,0.215777904,0.33149374,24.89637993
62,2024-10-08 10:17:00+05:30,89.33000183,88.90000153,89.38999939,88.90000153,88.90000153,246666,0,0.119995117,0.066419808,0.208936276,0.317895052,24.1214239
63,2024-10-08 10:18:00+05:30,88.98000336,89.06999969,89.12000275,88.91999817,89.06999969,129746,0,0.260002136,0.061675536,0.212583838,0.290123356,22.48803221
64,2024-10-08 10:19:00+05:30,89.06999969,89,89.06999969,88.79000092,89,217016,0.019996643,0,0.058698473,0.197399278,0.297359105,22.920339
65,2024-10-08 10:20:00+05:30,89,88.91999817,89.01000214,88.80999756,88.91999817,246454,0,0.150001526,0.054505725,0.194013724,0.280937469,21.93217667
66,2024-10-08 10:21:00+05:30,88.98000336,89.31999969,89.34999847,88.91000366,89.31999969,193057,0.319999695,0,0.07346958,0.180155601,0.407811798,28.96777812
67,2024-10-08 10:22:00+05:30,89.33999634,88.98999786,89.33999634,88.98999786,88.98999786,210342,0.009994507,0,0.068935646,0.167287344,0.412079266,29.18244576
68,2024-10-08 10:23:00+05:30,89.05000305,89.01000214,89.05000305,88.81999969,89.01000214,205310,0,0.329994202,0.064011671,0.178909262,0.357788469,26.35082544
69,2024-10-08 10:24:00+05:30,89.01000214,89.11000061,89.11000061,89.01000214,89.11000061,70457,0.059997559,0,0.063724949,0.166130029,0.383584768,27.72398029
70,2024-10-08 10:25:00+05:30,89.08999634,89.5,89.51999664,89.08999634,89.5,246344,0.489997864,0,0.094173014,0.154263598,0.610468153,37.90625429
71,2024-10-08 10:26:00+05:30,89.58000183,89.26000214,89.58000183,89.16000366,89.26000214,199566,0.170005798,0,0.099589642,0.14324477,0.695241031,41.0113381
72,2024-10-08 10:27:00+05:30,89.33000183,89.29000092,89.40000153,89.25,89.29000092,204673,0,0.290000916,0.092476096,0.153727352,0.601559154,37.56084516
73,2024-10-08 10:28:00+05:30,89.27999878,89.12000275,89.29000092,89.05999756,89.12000275,110981,0,0.209999084,0.08587066,0.157746761,0.544357676,35.24816072
74,2024-10-08 10:29:00+05:30,89.12000275,89.30000305,89.30999756,89.12000275,89.30000305,111820,0.020004272,0,0.081165918,0.146479136,0.554112489,35.6545934
75,2024-10-08 10:30:00+05:30,89.29000092,89.44000244,89.56999969,89.19999695,89.44000244,221786,0.319999695,0,0.098225474,0.13601634,0.722159365,41.93336457
76,2024-10-08 10:31:00+05:30,89.44000244,89,89.44000244,88.94999695,89,367982,0,0.290000916,0.091209369,0.147015238,0.620407582,38.28713151
77,2024-10-08 10:32:00+05:30,89.05999756,89,89.09999847,88.91999817,89,238021,0,0.440002441,0.084694414,0.167942896,0.504304831,33.52411164
78,2024-10-08 10:33:00+05:30,89,89.05000305,89.05000305,88.88999939,89.05000305,197974,0,0.009994507,0.078644813,0.156660868,0.502006747,33.42240292
79,2024-10-08 10:34:00+05:30,89.01000214,89.29000092,89.37999725,89.01000214,89.29000092,195428,0.290000916,0,0.093741677,0.145470806,0.644401992,39.18761928
80,2024-10-08 10:35:00+05:30,89.30000305,89.08999634,89.30000305,89,89.08999634,96502,0.079994202,0,0.092759715,0.135080034,0.686701889,40.71270054
81,2024-10-08 10:36:00+05:30,89.08999634,89.01999664,89.15000153,88.93000031,89.01999664,97855,0,0.280006409,0.086134021,0.145431918,0.592263527,37.19632567
82,2024-10-08 10:37:00+05:30,89.02999878,89.16000366,89.19999695,89.02999878,89.16000366,62573,0.070007324,0,0.084982114,0.135043924,0.629292392,38.62366233
83,2024-10-08 10:38:00+05:30,89.11000061,89.08000183,89.15000153,88.97000122,89.08000183,121782,0.050003052,0,0.082483609,0.125397929,0.657774892,39.67817917
84,2024-10-08 10:39:00+05:30,89.08000183,89,89.09999847,88.94999695,89,69668,0,0.11000061,0.076591923,0.124298121,0.616195342,38.12629116
85,2024-10-08 10:40:00+05:30,89,89.16000366,89.26000214,89,89.16000366,152912,0.080001831,0,0.076835488,0.115419684,0.665705237,39.96536857
86,2024-10-08 10:41:00+05:30,89.16000366,89,89.16000366,88.95999908,89,59520,0,0,0.071347239,0.10717542,0.665705237,39.96536857
87,2024-10-08 10:42:00+05:30,89,89.11000061,89.11000061,88.94999695,89.11000061,75234,0,0.050003052,0.066251007,0.10309168,0.642641651,39.12244955
88,2024-10-08 10:43:00+05:30,89.06999969,89.41000366,89.41000366,89.06999969,89.41000366,206985,0.410003662,0,0.090804768,0.095727988,0.948570736,48.68033366
89,2024-10-08 10:44:00+05:30,89.41000366,89.01000214,89.41000366,89.01000214,89.01000214,113741,0,0.059997559,0.084318714,0.093175815,0.904942057,47.50496497
90,2024-10-08 10:45:00+05:30,89.06999969,89.19000244,89.19999695,89,89.19000244,228869,0,0.220001221,0.078295948,0.102234772,0.765844599,43.36987521
91,2024-10-08 10:46:00+05:30,89.22000122,89.75,89.98999786,89.19999695,89.75,465948,0.680000305,0,0.121274831,0.094932289,1.277487698,56.09196919
92,2024-10-08 10:47:00+05:30,89.75,90.18000031,90.22000122,89.70999908,90.18000031,500076,0.959999084,0,0.181183706,0.088151411,2.055369327,67.27073251
93,2024-10-08 10:48:00+05:30,90.16999817,90.51999664,90.51999664,90.11000061,90.51999664,567898,0.769996643,0,0.223241773,0.081854882,2.727287228,73.17083609
94,2024-10-08 10:49:00+05:30,90.55000305,90.08000183,90.68000031,90,90.08000183,401411,0,0.089996338,0.207295932,0.082436414,2.514616074,71.54739013
95,2024-10-08 10:50:00+05:30,90.05000305,90.19000244,90.27999878,90.01000214,90.19000244,110521,0,0.36000061,0.19248908,0.102262428,1.882305,65.30554539
96,2024-10-08 10:51:00+05:30,90.13999939,90.51999664,90.80000305,90.11000061,90.51999664,410559,0.469993591,0,0.212310831,0.094957969,2.235840055,69.09612394
97,2024-10-08 10:52:00+05:30,90.58999634,90.62999725,90.69000244,90.41000366,90.62999725,118919,0.489997864,0,0.232145619,0.088175257,2.632775075,72.4728347
98,2024-10-08 10:53:00+05:30,90.75,90.58000183,90.80000305,90.47000122,90.58000183,205870,0,0.009994507,0.215563789,0.082590918,2.610018086,72.29930776
99,2024-10-08 10:54:00+05:30,90.62999725,90.41000366,90.80000305,90.30000305,90.41000366,313625,0,0.339996338,0.200166375,0.100977019,1.98229634,66.46879163
100,2024-10-08 10:55:00+05:30,90.48000336,90.62000275,90.66999817,90.40000153,90.62000275,133286,0,0.009994507,0.185868777,0.094478268,1.967317782,66.29953131
101,2024-10-08 10:56:00+05:30,90.66999817,90.62999725,90.70999908,90.52999878,90.62999725,94153,0.149993896,0,0.183306286,0.08772982,2.08944102,67.63168504
102,2024-10-08 10:57:00+05:30,90.69999695,91.22000122,91.29000092,90.62999725,91.22000122,745590,0.550003052,0,0.209498912,0.081463405,2.571693541,72.00207721
103,2024-10-08 10:58:00+05:30,91.16000366,91.31999969,91.44999695,91.01000214,91.31999969,459067,0.620002747,0,0.238820614,0.07564459,3.157140701,75.94500471
104,2024-10-08 10:59:00+05:30,91.33000183,91.45999908,91.58999634,91.20999908,91.45999908,477384,0.299995422,0,0.243190243,0.070241405,3.462206416,77.58956205
105,2024-10-08 11:00:00+05:30,91.37000275,91.66999817,91.80000305,91.23999786,91.66999817,559627,0.339996338,0,0.250104964,0.065224162,3.834544703,79.31552894
106,2024-10-08 11:01:00+05:30,91.59999847,91.87999725,91.91000366,91.58999634,91.87999725,406574,0.509994507,0,0.268668503,0.060565293,4.436014243,81.60416888
107,2024-10-08 11:02:00+05:30,91.94999695,91.80000305,92.31999969,91.76999664,91.80000305,838447,0.200004578,0,0.263763937,0.056239201,4.690037079,82.42542208
108,2024-10-08 11:03:00+05:30,91.80000305,92.02999878,92.08999634,91.75,92.02999878,466266,0.080001831,0,0.250638072,0.052222115,4.7994623,82.75702215
109,2024-10-08 11:04:00+05:30,92.08000183,91.91000366,92.22000122,91.90000153,91.91000366,319609,0.11000061,0,0.240592539,0.048491964,4.961492992,83.22567851
110,2024-10-08 11:05:00+05:30,91.98000336,92.06999969,92.18000031,91.90000153,92.06999969,251159,0,0.010002136,0.223407358,0.045742691,4.884001253,83.00476229
111,2024-10-08 11:06:00+05:30,92.13999939,92.33999634,92.44000244,91.90000153,92.33999634,420913,0.359992981,0,0.233163474,0.042475356,5.489382515,84.59021336
112,2024-10-08 11:07:00+05:30,92.30000305,92.09999847,92.30000305,92.05000305,92.09999847,151578,0,0.040000916,0.21650894,0.04229861,5.118582882,83.65634626
113,2024-10-08 11:08:00+05:30,92.06999969,92.19999695,92.19999695,92.01999664,92.19999695,168398,0,0.100006104,0.201044016,0.046420574,4.330924847,81.24152884
114,2024-10-08 11:09:00+05:30,92.19999695,91.76000214,92.19999695,91.76000214,91.76000214,298066,0,0.309997559,0.186683729,0.065247501,2.86116289,74.10106674
115,2024-10-08 11:10:00+05:30,91.76999664,91.40000153,91.79000092,91.34999847,91.40000153,601552,0,0.799995422,0.173349177,0.117729496,1.47243625,59.55406332
116,2024-10-08 11:11:00+05:30,91.44000244,91.69999695,91.80000305,91.30000305,91.69999695,515647,0,0.069999695,0.160967093,0.114320224,1.408036891,58.472397
117,2024-10-08 11:12:00+05:30,91.69999695,92.25,92.34999847,91.69999695,92.25,410639,0.809997559,0,0.207326412,0.106154494,1.953062979,66.13685495
118,2024-10-08 11:13:00+05:30,92.18000031,92.55999756,92.62999725,92.18000031,92.55999756,522853,0.86000061,0,0.253945997,0.09857203,2.576248025,72.0377336
119,2024-10-08 11:14:00+05:30,92.62999725,92.34999847,92.65000153,92.12999725,92.34999847,368998,0.169998169,0,0.247949724,0.091531171,2.708910224,73.03790225
120,2024-10-08 11:15:00+05:30,92.29000092,92.15000153,92.48999786,92.15000153,92.15000153,145528,0,0.479995728,0.230239029,0.119278639,1.930262043,65.87335927
121,2024-10-08 11:16:00+05:30,92.15000153,92.23999786,92.23999786,91.98000336,92.23999786,264126,0,0.050003052,0.213793384,0.114330383,1.869961241,65.15632387
122,2024-10-08 11:17:00+05:30,92.20999908,92.09999847,92.27999878,92,92.09999847,176007,0,0.050003052,0.198522428,0.109735573,1.809098201,64.4013869
123,2024-10-08 11:18:00+05:30,92.09999847,92.44000244,92.73000336,92.09999847,92.44000244,404995,0.230003357,0,0.200771066,0.101897318,1.970327284,66.33367625
124,2024-10-08 11:19:00+05:30,92.5,92.37999725,92.59999847,92.30999756,92.37999725,168156,0.279998779,0,0.206430189,0.094618938,2.181700538,68.57026649
125,2024-10-08 11:20:00+05:30,92.37999725,92.33000183,92.48000336,92.23000336,92.33000183,125122,0,0.169998169,0.191685175,0.100003169,1.916791007,65.71574728
126,2024-10-08 11:21:00+05:30,92.33000183,92.34999847,92.37999725,92.04000092,92.34999847,205800,0,0.029998779,0.177993377,0.095002855,1.873558178,65.19993896
127,2024-10-08 11:22:00+05:30,92.37999725,92.56999969,92.56999969,92.30999756,92.56999969,259049,0.239997864,0,0.182422269,0.088216937,2.067882591,67.40422848
128,2024-10-08 11:23:00+05:30,92.58000183,92.62000275,92.80999756,92.51000214,92.62000275,358371,0.240005493,0,0.186535356,0.081915727,2.277161689,69.48578999
129,2024-10-08 11:24:00+05:30,92.66999817,93.58999634,93.68000031,92.52999878,93.58999634,1218227,1.009994507,0,0.245353867,0.076064604,3.225598424,76.33471287
130,2024-10-08 11:25:00+05:30,93.58000183,93.65000153,93.75,93.48999786,93.65000153,1010633,0.980003357,0,0.297828831,0.070631418,4.216662199,80.83065451
131,2024-10-08 11:26:00+05:30,93.73999786,93.84999847,94,93.55999756,93.84999847,837120,0.269996643,0,0.295840817,0.065586317,4.510709425,81.85351607
132,2024-10-08 11:27:00+05:30,93.83999634,93.69999695,94.12000275,93.59999847,93.69999695,931083,0,0.040000916,0.27470933,0.063758788,4.308572017,81.16254245
133,2024-10-08 11:28:00+05:30,93.68000031,93.73999786,93.90000153,93.59999847,93.73999786,316403,0,0.099998474,0.255087235,0.066347337,3.844724541,79.35899159
134,2024-10-08 11:29:00+05:30,93.73000336,93.88999939,93.94000244,93.59999847,93.88999939,403152,0.209999084,0,0.251866653,0.061608242,4.088197398,80.34667444
135,2024-10-08 11:30:00+05:30,93.91000366,93.94000244,93.94000244,93.76999664,93.94000244,286875,0.209999084,0,0.248876112,0.057207653,4.350398937,81.3098049
136,2024-10-08 11:31:00+05:30,93.93000031,93.86000061,94.18000031,93.83000183,93.86000061,680349,0,0.050003052,0.231099247,0.056693039,4.076324945,80.30070945
137,2024-10-08 11:32:00+05:30,93.87999725,93.63999939,93.87999725,93.59999847,93.63999939,218152,0,0.290000916,0.214592158,0.073357887,2.925277257,74.52409258
138,2024-10-08 11:33:00+05:30,93.62000275,93.80000305,93.88999939,93.59999847,93.80000305,272943,0,0.079994202,0.199264147,0.073831909,2.698889254,72.96485698
139,2024-10-08 11:34:00+05:30,93.77999878,93.44999695,93.77999878,93.44999695,93.44999695,395022,0,0.170005798,0.185030993,0.080701473,2.292783352,69.63055588
140,2024-10-08 11:35:00+05:30,93.44999695,93.13999939,93.59999847,93.05000305,93.13999939,614007,0,0.63999939,0.171814494,0.120651324,1.424058089,58.74686318
141,2024-10-08 11:36:00+05:30,93.08999634,93.18000031,93.23999786,92.87999725,93.18000031,490338,0,0.269996643,0.15954203,0.131318847,1.214921041,54.85166371
142,2024-10-08 11:37:00+05:30,93.25,93.09999847,93.26000214,93,93.09999847,277992,0.010002136,0,0.148860609,0.121938929,1.220780025,54.97077655
143,2024-10-08 11:38:00+05:30,93.08000183,92.87999725,93.08999634,92.80000305,92.87999725,162519,0,0.370002747,0.138227708,0.139657773,0.98976022,49.74268809
144,2024-10-08 11:39:00+05:30,92.90000153,92.77999878,92.97000122,92.77999878,92.77999878,237639,0,0.300003052,0.128354301,0.151111007,0.849404043,45.92852742
145,2024-10-08 11:40:00+05:30,92.77999878,92.86000061,93,92.69999695,92.86000061,245902,0,0.040000916,0.119186136,0.143174572,0.832453238,45.42834823
146,2024-10-08 11:41:00+05:30,92.93000031,92.68000031,92.95999908,92.56999969,92.68000031,271948,0,0.099998474,0.110672841,0.140090565,0.790009239,44.13436656
147,2024-10-08 11:42:00+05:30,92.68000031,92.61000061,92.83999634,92.61000061,92.61000061,116443,0,0.319999695,0.102767638,0.152941217,0.671942068,40.18931524
148,2024-10-08 11:43:00+05:30,92.56999969,92.55000305,92.69999695,92.51000214,92.55000305,217492,0,0.129997253,0.095427092,0.151302363,0.630704575,38.67681397
149,2024-10-08 11:44:00+05:30,92.5,92.58999634,92.63999939,92.41000366,92.58999634,122885,0.019996643,0,0.090039203,0.140495051,0.640870994,39.05675684
150,2024-10-08 11:45:00+05:30,92.59999847,92.84999847,93.09999847,92.58000183,92.84999847,279213,0.349998474,0,0.108607723,0.13045969,0.832500232,45.4297477
151,2024-10-08 11:46:00+05:30,92.86000061,92.88999939,92.91999817,92.72000122,92.88999939,110192,0.290000916,0,0.121564379,0.121141141,1.00349376,50.08719168
152,2024-10-08 11:47:00+05:30,92.94999695,92.73000336,92.94999695,92.65000153,92.73000336,53884,0,0.129997253,0.112881209,0.121773721,0.92697512,48.10519401
153,2024-10-08 11:48:00+05:30,92.75,92.81999969,92.94999695,92.69000244,92.81999969,305359,0,0.129997253,0.104818266,0.122361116,0.856630516,46.13898719
154,2024-10-08 11:49:00+05:30,92.91000366,92.76999664,92.91000366,92.70999908,92.76999664,51146,0.019996643,0,0.098759578,0.113621036,0.86920153,46.50122076
155,2024-10-08 11:50:00+05:30,92.70999908,92.62000275,92.76999664,92.40000153,92.62000275,169057,0,0.290000916,0.091705323,0.126219599,0.726553749,42.08115441
156,2024-10-08 11:51:00+05:30,92.68000031,92.66999817,92.76999664,92.65000153,92.66999817,114704,0,0.040000916,0.085154943,0.120061122,0.709263261,41.49526157
157,2024-10-08 11:52:00+05:30,92.66999817,92.34999847,92.69999695,92.26000214,92.34999847,257592,0,0.330001831,0.079072447,0.135056886,0.585475119,36.92742396
158,2024-10-08 11:53:00+05:30,92.41999817,92.55000305,92.62999725,92.33999634,92.55000305,79204,0,0.119995117,0.073424415,0.133981046,0.548020911,35.40138942
159,2024-10-08 11:54:00+05:30,92.54000092,92.40000153,92.54000092,92.40000153,92.40000153,61178,0,0.019996643,0.068179814,0.125839303,0.541800632,35.14077116
160,2024-10-08 11:55:00+05:30,92.44000244,92.36000061,92.45999908,92.25,92.36000061,102876,0,0.180000305,0.063309827,0.129707946,0.48809521,32.79999873
161,2024-10-08 11:56:00+05:30,92.36000061,92.09999847,92.36000061,92.01000214,92.09999847,286699,0,0.340003967,0.058787697,0.14472909,0.406191295,28.88592016
162,2024-10-08 11:57:00+05:30,92.09999847,92.18000031,92.22000122,92.04000092,92.18000031,191666,0,0.180000305,0.054588575,0.147248463,0.370724246,27.04586625
163,2024-10-08 11:58:00+05:30,92.08999634,92.12999725,92.19999695,92.05000305,92.12999725,124561,0.029998779,0,0.052832161,0.136730715,0.386395706,27.87052099
164,2024-10-08 11:59:00+05:30,92.19999695,92.19000244,92.33000183,92.15000153,92.19000244,85860,0.100006104,0,0.056201729,0.126964236,0.442657953,30.68349999
165,2024-10-08 12:00:00+05:30,92.26000214,92.16999817,92.40000153,92.16999817,92.16999817,164053,0,0.029998779,0.052187319,0.120038132,0.434756179,30.30174641
166,2024-10-08 12:01:00+05:30,92.19000244,92.18000031,92.25,92.12000275,92.18000031,46107,0,0.080001831,0.048459654,0.117178396,0.413554507,29.25635376
167,2024-10-08 12:02:00+05:30,92.18000031,91.80000305,92.19999695,91.80000305,91.80000305,342165,0,0.38999939,0.04499825,0.13666561,0.329258034,24.7700616
168,2024-10-08 12:03:00+05:30,91.84999847,91.80000305,91.90000153,91.75,91.80000305,183846,0,0.379997253,0.041784089,0.154046441,0.271243456,21.33686157
169,2024-10-08 12:04:00+05:30,91.79000092,91.86000061,91.93000031,91.79000092,91.86000061,137041,0.010002136,0,0.03951395,0.143043124,0.276238022,21.64471027
170,2024-10-08 12:05:00+05:30,91.90000153,91.80000305,91.90000153,91.75,91.80000305,209240,0.010002136,0,0.037405963,0.132825758,0.281616786,21.97355627
171,2024-10-08 12:06:00+05:30,91.76999664,91.87999725,91.94000244,91.76999664,91.87999725,83350,0,0.020004272,0.034734109,0.124767081,0.278391611,21.7767082
172,2024-10-08 12:07:00+05:30,91.87999725,91.84999847,91.87999725,91.80000305,91.84999847,23825,0.080001831,0,0.037967517,0.115855146,0.327715415,24.68265496
173,2024-10-08 12:08:00+05:30,91.83999634,91.86000061,91.97000122,91.83999634,91.86000061,154133,0,0.019996643,0.035255552,0.10900811,0.323421364,24.4382759
174,2024-10-08 12:09:00+05:30,91.77999878,92,92.04000092,91.77999878,92,100029,0.160003662,0,0.044166131,0.101221817,0.436330156,30.37812401
175,2024-10-08 12:10:00+05:30,92.06999969,92,92.06999969,91.94999695,92,167283,0.220001221,0,0.05672578,0.093991687,0.603519121,37.63716399
176,2024-10-08 12:11:00+05:30,92,91.65000153,92,91.65000153,91.65000153,260680,0,0.419998169,0.052673939,0.117277864,0.449137945,30.99345692
177,2024-10-08 12:12:00+05:30,91.66999817,91.84999847,91.87000275,91.66000366,91.84999847,75709,0,0.150001526,0.048911515,0.119615269,0.40890695,29.0229919
178,2024-10-08 12:13:00+05:30,91.83000183,91.58000183,91.83000183,91.58000183,91.58000183,112278,0,0.089996338,0.045417835,0.117499631,0.386535981,27.87781828
179,2024-10-08 12:14:00+05:30,91.62000275,91.73999786,91.76999664,91.62000275,91.73999786,76770,0,0.090003967,0.042173704,0.115535655,0.36502761,26.74140857
180,2024-10-08 12:15:00+05:30,91.70999908,91.68000031,91.73999786,91.68000031,91.68000031,47610,0.059997559,0,0.043446836,0.107283108,0.404973693,28.8242901
181,2024-10-08 12:16:00+05:30,91.70999908,91.98000336,92.01999664,91.68000031,91.98000336,177539,0.270004272,0,0.05962951,0.099620029,0.598569496,37.44407093
182,2024-10-08 12:17:00+05:30,92.05000305,91.88999939,92.05000305,91.84999847,91.88999939,306436,0.180000305,0,0.068227424,0.092504313,0.737559391,42.44801038
183,2024-10-08 12:18:00+05:30,91.91000366,91.94000244,92.01999664,91.91000366,91.94000244,71350,0,0.11000061,0.063354037,0.093754048,0.675747215,40.32512834
184,2024-10-08 12:19:00+05:30,91.94000244,92,92,91.94000244,92,30484,0.089996338,0,0.065257058,0.08705733,0.749587176,42.84365971
185,2024-10-08 12:20:00+05:30,91.98999786,91.70999908,91.98999786,91.70999908,91.70999908,40393,0,0.230003357,0.06059584,0.097267761,0.622979695,38.38493462
186,2024-10-08 12:21:00+05:30,91.70999908,91.84999847,91.84999847,91.70999908,91.84999847,68208,0,0.13999939,0.056267566,0.10032002,0.560880726,35.93360573
187,2024-10-08 12:22:00+05:30,91.88999939,91.90000153,91.98999786,91.84999847,91.90000153,130139,0.190002441,0,0.065820057,0.093154304,0.706570215,41.40293839
188,2024-10-08 12:23:00+05:30,91.98000336,91.84999847,91.98000336,91.80000305,91.84999847,107869,0,0.040000916,0.061118624,0.089357634,0.683977648,40.61678901
189,2024-10-08 12:24:00+05:30,91.80999756,91.66000366,91.84999847,91.66000366,91.66000366,94153,0,0.319999695,0.056753008,0.105832067,0.536255314,34.90665317
190,2024-10-08 12:25:00+05:30,91.73000336,91.80999756,91.84999847,91.66000366,91.80999756,59655,0,0,0.052699222,0.098272633,0.536255314,34.90665317
191,2024-10-08 12:26:00+05:30,91.80000305,91.80999756,91.80999756,91.75,91.80999756,26213,0.079994202,0,0.054648863,0.091253159,0.598870917,37.45586404
192,2024-10-08 12:27:00+05:30,91.84999847,91.75,91.84999847,91.75,91.75,53593,0,0.050003052,0.050745373,0.088306723,0.574649032,36.49378499
193,2024-10-08 12:28:00+05:30,91.83999634,91.83999634,91.83999634,91.76999664,91.83999634,17007,0,0.010002136,0.047120704,0.082713538,0.5696855,36.29297081
194,2024-10-08 12:29:00+05:30,91.83999634,91.88999939,91.97000122,91.80000305,91.88999939,80726,0.050003052,0,0.047326586,0.076805429,0.616188028,38.12601116
195,2024-10-08 12:30:00+05:30,91.88999939,91.73999786,91.88999939,91.73999786,91.73999786,43620,0,0.099998474,0.043946115,0.078462075,0.560093718,35.90128669
196,2024-10-08 12:31:00+05:30,91.75,91.72000122,91.75,91.72000122,91.72000122,8123,0,0.169998169,0.040807107,0.085000367,0.480081537,32.43615472
197,2024-10-08 12:33:00+05:30,91.68000031,91.65000153,91.68000031,91.55999756,91.65000153,231322,0,0.099998474,0.037892314,0.08607166,0.440241461,30.56719815
198,2024-10-08 12:34:00+05:30,91.65000153,91.59999847,91.66999817,91.59999847,91.59999847,30054,0,0.080001831,0.03518572,0.085638101,0.410865249,29.12150888
199,2024-10-08 12:35:00+05:30,91.59999847,91.63999939,91.66999817,91.55000305,91.63999939,106294,0,0.010002136,0.032672454,0.080235532,0.407206796,28.93723917
200,2024-10-08 12:36:00+05:30,91.62999725,91.75,91.75,91.62000275,91.75,43951,0.150001526,0,0.041053102,0.074504423,0.551015637,35.52611747
201,2024-10-08 12:37:00+05:30,91.75,91.83999634,91.88999939,91.69000244,91.83999634,35231,0.209999084,0,0.053120672,0.069182678,0.76783197,43.43353797
202,2024-10-08 12:38:00+05:30,91.81999969,91.90000153,91.98000336,91.81999969,91.90000153,58530,0.150001526,0,0.060040733,0.064241058,0.934616188,48.31016063
203,2024-10-08 12:39:00+05:30,91.91000366,91.84999847,91.94000244,91.80999756,91.84999847,62988,0.029998779,0,0.057894879,0.059652411,0.970537116,49.25241488
204,2024-10-08 12:40:00+05:30,91.80000305,91.90000153,91.91000366,91.80000305,91.90000153,32478,0,0.010002136,0.053759531,0.056105963,0.958178556,48.93213405
205,2024-10-08 12:41:00+05:30,91.88999939,91.76000214,91.88999939,91.69999695,91.76000214,43540,0,0.040000916,0.049919564,0.054955603,0.908361694,47.59903203
206,2024-10-08 12:42:00+05:30,91.70999908,91.70999908,91.76000214,91.70999908,91.70999908,54440,0,0.180000305,0.046353881,0.063887367,0.725556291,42.04767442
207,2024-10-08 12:43:00+05:30,91.69999695,91.79000092,91.80000305,91.66999817,91.79000092,41497,0.080001831,0,0.048757306,0.059323984,0.821881861,45.11169897
208,2024-10-08 12:44:00+05:30,91.77999878,91.76999664,91.84999847,91.76999664,91.76999664,22928,0.069999695,0,0.05027462,0.055086556,0.912647712,47.71645643
209,2024-10-08 12:45:00+05:30,91.80999756,91.79000092,91.80999756,91.76999664,91.79000092,13967,0.010002136,0,0.047398014,0.051151802,0.926614733,48.09548673
210,2024-10-08 12:46:00+05:30,91.79000092,91.76000214,91.79000092,91.76000214,91.76000214,931,0,0.049995422,0.044012441,0.051069204,0.86181961,46.2891037
211,2024-10-08 12:47:00+05:30,91.70999908,91.70999908,91.70999908,91.70999908,91.70999908,75288,0,0.080001831,0.040868695,0.05313582,0.769136441,43.47524719
212,2024-10-08 12:48:00+05:30,91.94000244,91.93000031,91.94000244,91.93000031,91.93000031,131940,0.220001221,0,0.053663876,0.049340404,1.087625378,52.09868539
213,2024-10-08 12:49:00+05:30,91.93000031,91.91000366,91.93000031,91.87999725,91.91000366,17382,0,0.029998779,0.049830742,0.04795886,1.039030999,50.95709676
214,2024-10-08 12:51:00+05:30,91.83999634,91.83000183,91.83999634,91.81999969,91.83000183,115514,0,0.099998474,0.046271403,0.051675975,0.895414227,47.24108398
215,2024-10-08 12:52:00+05:30,91.87999725,91.94000244,91.94999695,91.83000183,91.94000244,34105,0.100006104,0,0.050109596,0.047984834,1.044279869,51.08301875
216,2024-10-08 12:53:00+05:30,91.94000244,91.91999817,91.94000244,91.90000153,91.91999817,48573,0.040000916,0,0.049387547,0.044557346,1.108404161,52.5707633
217,2024-10-08 12:54:00+05:30,91.91999817,91.94000244,91.94000244,91.90000153,91.94000244,31627,0,0,0.045859865,0.041374678,1.108404161,52.5707633
218,2024-10-08 12:55:00+05:30,91.94000244,91.95999908,91.98000336,91.87999725,91.95999908,271000,0.040000916,0,0.045441369,0.038419344,1.182773162,54.18671911
219,2024-10-08 12:56:00+05:30,91.93000031,91.94000244,91.97000122,91.91999817,91.94000244,44725,0,0,0.042195557,0.035675105,1.182773162,54.18671911
220,2024-10-08 12:57:00+05:30,91.94000244,91.86000061,91.94000244,91.80000305,91.86000061,67377,0,0.069999695,0.039181589,0.038126862,1.02766362,50.68215507
221,2024-10-08 12:58:00+05:30,91.86000061,91.87000275,91.87999725,91.73999786,91.87000275,67667,0,0.069999695,0.036382904,0.040403493,0.900489077,47.38196541
222,2024-10-08 12:59:00+05:30,91.87000275,91.86000061,91.94000244,91.83000183,91.86000061,28340,0,0,0.033784125,0.037517529,0.900489077,47.38196541
223,2024-10-08 13:00:00+05:30,91.84999847,91.90000153,91.90000153,91.80000305,91.90000153,19336,0.029998779,0,0.033513743,0.034837705,0.961996284,49.03150388
224,2024-10-08 13:01:00+05:30,91.83999634,91.94000244,91.94000244,91.81999969,91.94000244,14782,0.090003967,0,0.037548759,0.032349298,1.160728722,53.71931748
225,2024-10-08 13:02:00+05:30,91.94000244,92.30000305,92.5,91.87999725,92.30000305,470552,0.460006714,0,0.067724327,0.030038634,2.254574161,69.27401404
226,2024-10-08 13:03:00+05:30,92.36000061,92.29000092,92.5,92.29000092,92.29000092,254571,0.349998474,0,0.087886766,0.027893017,3.15085193,75.90856006
227,2024-10-08 13:04:00+05:30,92.19999695,91.98000336,92.19999695,91.94999695,91.98000336,191805,0,0.379997253,0.08160914,0.05304332,1.538537573,60.60724054
228,2024-10-08 13:05:00+05:30,91.98000336,92.23000336,92.23000336,91.97000122,92.23000336,91799,0.030006409,0,0.077923231,0.049254511,1.582052672,61.27112313
229,2024-10-08 13:06:00+05:30,92.23000336,92.23000336,92.23000336,92.15000153,92.23000336,32917,0.25,0,0.090214429,0.045736332,1.972489382,66.3581641
230,2024-10-08 13:07:00+05:30,92.23000336,92.01000214,92.23000336,92.01000214,92.01000214,128525,0,0.220001221,0.083770541,0.058183824,1.439756541,59.01230376
231,2024-10-08 13:08:00+05:30,92,92.12999725,92.12999725,92,92.12999725,25202,0,0.100006104,0.077786931,0.061171129,1.27162816,55.97871088
232,2024-10-08 13:09:00+05:30,92.12999725,92.22000122,92.22000122,92.12999725,92.22000122,28477,0.220001221,0,0.087945094,0.056801763,1.548281067,60.75786095
233,2024-10-08 13:10:00+05:30,92.22000122,92.11000061,92.25,92.11000061,92.11000061,79630,0,0.019996643,0.081663302,0.054172826,1.507458777,60.11898543
234,2024-10-08 13:11:00+05:30,92.11000061,91.93000031,92.11000061,91.91000366,91.93000031,128206,0,0.290000916,0.075830209,0.071017689,1.06776508,51.63860685
235,2024-10-08 13:12:00+05:30,91.95999908,91.81999969,91.95999908,91.81999969,91.81999969,41287,0,0.290000916,0.070413765,0.086659348,0.812535135,44.82865569
236,2024-10-08 13:13:00+05:30,91.75,91.76000214,91.80000305,91.73000336,91.76000214,99252,0,0.199996948,0.065384211,0.094754891,0.690035204,40.82963492
237,2024-10-08 13:14:00+05:30,91.76000214,91.90000153,91.94000244,91.76000214,91.90000153,39215,0.150001526,0,0.071428305,0.087986685,0.811808114,44.8065172
238,2024-10-08 13:15:00+05:30,91.90000153,91.69000244,91.90000153,91.69000244,91.69000244,65872,0,0.069999695,0.066326283,0.0867019,0.764992267,43.34252798
239,2024-10-08 13:16:00+05:30,91.68000031,91.86000061,91.87000275,91.65000153,91.86000061,75725,0,0.040000916,0.061588691,0.083366115,0.738773675,42.4882022
240,2024-10-08 13:17:00+05:30,91.84999847,91.83000183,91.94000244,91.81999969,91.83000183,112261,0.150001526,0,0.067903894,0.077411393,0.877182174,46.72866524
241,2024-10-08 13:18:00+05:30,91.80000305,91.91000366,91.94999695,91.80000305,91.91000366,27720,0.060005188,0,0.0673397,0.071882007,0.936808846,48.3686786
242,2024-10-08 13:19:00+05:30,91.97000122,91.94000244,91.97000122,91.80999756,91.94000244,53672,0.13999939,0,0.072529678,0.066747578,1.086626362,52.07575164
243,2024-10-08 13:20:00+05:30,91.94000244,91.80000305,91.94000244,91.80000305,91.80000305,47465,0,0.169998169,0.067348987,0.074122621,0.908615838,47.60600953
244,2024-10-08 13:21:00+05:30,91.81999969,91.86000061,91.88999939,91.81999969,91.86000061,10442,0,0.080001831,0.062538345,0.074542564,0.838961548,45.62148398
245,2024-10-08 13:22:00+05:30,91.81999969,91.88999939,91.88999939,91.81999969,91.88999939,9686,0.069999695,0,0.063071299,0.069218095,0.911196679,47.67676133
246,2024-10-08 13:23:00+05:30,91.88999939,91.90000153,91.93000031,91.87999725,91.90000153,11209,0.080001831,0,0.064280622,0.064273946,1.000103879,50.00259684
247,2024-10-08 13:24:00+05:30,91.93000031,92.04000092,92.15000153,91.91999817,92.04000092,120740,0.150001526,0,0.070403544,0.05968295,1.179625749,54.12056402
248,2024-10-08 13:25:00+05:30,92.08999634,92.08000183,92.09999847,92.01000214,92.08000183,24248,0.150001526,0,0.076089114,0.055419882,1.372956993,57.85848615
249,2024-10-08 13:26:00+05:30,92.01999664,92.01000214,92.08000183,92.01000214,92.01000214,39712,0,0.079994202,0.070654177,0.05717519,1.235748882,55.27225762
250,2024-10-08 13:27:00+05:30,92.01000214,92.05000305,92.06999969,92,92.05000305,22953,0.030006409,0,0.067750765,0.053091248,1.276119281,56.06557142
251,2024-10-08 13:28:00+05:30,92.05000305,92.27999878,92.27999878,92.01999664,92.27999878,157237,0.269996643,0,0.082196899,0.049299016,1.667313184,62.50908945
252,2024-10-08 13:29:00+05:30,92.33999634,92.36000061,92.38999939,92.15000153,92.36000061,195720,0.309997559,0,0.098468375,0.045777658,2.151013832,68.26418248
253,2024-10-08 13:30:00+05:30,92.40000153,92.22000122,92.40000153,92.22000122,92.22000122,61227,0,0.119995117,0.09143492,0.051078905,1.790072045,64.15863162
254,2024-10-08 13:31:00+05:30,92.30000305,92.33000183,92.38999939,92.29000092,92.33000183,51782,0,0.069999695,0.084903854,0.05243039,1.619363393,61.82278478
255,2024-10-08 13:32:00+05:30,92.25,92.31999969,92.33000183,92.20999908,92.31999969,102926,0.019996643,0,0.080267625,0.048685362,1.648701403,62.24564993
256,2024-10-08 13:33:00+05:30,92.30000305,92.20999908,92.30000305,92.19999695,92.20999908,55372,0,0.040000916,0.074534223,0.048065044,1.550694977,60.79499865
257,2024-10-08 13:34:00+05:30,92.22000122,92.20999908,92.22000122,92.15000153,92.20999908,33919,0,0.090003967,0.06921035,0.051060682,1.355452913,57.54531987
258,2024-10-08 13:35:00+05:30,92.25,92.31999969,92.34999847,92.19000244,92.31999969,56921,0.099998474,0,0.071409502,0.04741349,1.506100928,60.09737721
259,2024-10-08 13:36:00+05:30,92.27999878,92.72000122,92.72000122,92.27999878,92.72000122,290995,0.470001221,0,0.099880339,0.044026812,2.268625262,69.40609828
260,2024-10-08 13:37:00+05:30,92.73999786,92.93000031,93.13999939,92.73999786,92.93000031,628430,0.650001526,0,0.139174709,0.04088204,3.404299518,77.29491385
261,2024-10-08 13:38:00+05:30,92.90000153,92.63999939,92.90000153,92.63999939,92.63999939,117078,0,0.099998474,0.129233659,0.045104642,2.865196384,74.12809336
262,2024-10-08 13:39:00+05:30,92.66000366,92.55999756,92.66000366,92.55999756,92.55999756,28877,0,0.340003967,0.120002683,0.06616888,1.813581898,64.45811652
263,2024-10-08 13:40:00+05:30,92.44999695,92.41000366,92.52999878,92.41000366,92.41000366,166585,0,0.25,0.111431063,0.079299674,1.405189413,58.42323293
264,2024-10-08 13:41:00+05:30,92.52999878,92.55999756,92.59999847,92.44999695,92.55999756,79094,0.11000061,0,0.111328888,0.073635412,1.511893325,60.18939219
265,2024-10-08 13:42:00+05:30,92.62000275,92.73000336,92.84999847,92.51000214,92.73000336,91348,0.200004578,0,0.117662865,0.06837574,1.720827683,63.24647804
266,2024-10-08 13:43:00+05:30,92.70999908,92.51000214,92.73000336,92.51000214,92.51000214,80532,0,0.11000061,0.109258375,0.071348945,1.531324334,60.49498728
267,2024-10-08 13:44:00+05:30,92.55999756,92.58999634,92.65000153,92.5,92.58999634,48333,0,0.120002747,0.101454205,0.074824216,1.355900678,57.55338884
268,2024-10-08 13:45:00+05:30,92.55000305,92.62999725,92.69999695,92.55000305,92.62999725,86328,0.069999695,0,0.099207455,0.069479629,1.427863903,58.8115298
269,2024-10-08 13:46:00+05:30,92.70999908,92.69000244,92.73000336,92.61000061,92.69000244,22385,0.13999939,0,0.102121164,0.064516799,1.582861618,61.28325293
270,2024-10-08 13:47:00+05:30,92.75,93.19000244,93.19000244,92.69999695,93.19000244,394060,0.480003357,0,0.129112749,0.059908456,2.155167373,68.3059603
271,2024-10-08 13:48:00+05:30,93.05999756,93.01000214,93.15000153,93,93.01000214,174708,0.260002136,0,0.138461991,0.05562928,2.489012805,71.3385976
272,2024-10-08 13:49:00+05:30,93.04000092,92.90000153,93.04000092,92.83999634,92.90000153,132618,0,0.159996033,0.128571849,0.063084048,2.038103962,67.08473402
273,2024-10-08 13:50:00+05:30,92.90000153,92.90000153,92.98999786,92.83999634,92.90000153,37455,0,0.13999939,0.119388146,0.068578001,1.740910251,63.51577
274,2024-10-08 13:51:00+05:30,92.83999634,92.98000336,92.98999786,92.83999634,92.98000336,64371,0.080001831,0,0.116574837,0.063679573,1.830647293,64.67239128
275,2024-10-08 13:52:00+05:30,93,92.76000214,93.04000092,92.76000214,92.76000214,104253,0,0.079994202,0.108248063,0.064844903,1.669338031,62.53752847
276,2024-10-08 13:53:00+05:30,92.69999695,92.75,92.83000183,92.66999817,92.75,63839,0,0.25,0.100516059,0.078070267,1.287507551,56.28429731
277,2024-10-08 13:54:00+05:30,92.75,92.70999908,92.75,92.68000031,92.70999908,94078,0.010002136,0,0.094050779,0.07249382,1.297362713,56.47182769
278,2024-10-08 13:55:00+05:30,92.69999695,92.59999847,92.69999695,92.58000183,92.59999847,69652,0,0.150001526,0.087332866,0.078030084,1.119220445,52.81283727
279,2024-10-08 13:56:00+05:30,92.55000305,92.76000214,92.79000092,92.55000305,92.76000214,77135,0.060005188,0,0.085380889,0.072456507,1.178374344,54.09420778
280,2024-10-08 13:57:00+05:30,92.73000336,92.66999817,92.79000092,92.66999817,92.66999817,55264,0.119995117,0,0.087853334,0.067281042,1.305766541,56.63047484
281,2024-10-08 13:58:00+05:30,92.66999817,92.68000031,92.73999786,92.59999847,92.68000031,36452,0,0.050003052,0.081578096,0.0660469,1.235154043,55.26035429
282,2024-10-08 13:59:00+05:30,92.73000336,92.79000092,92.79000092,92.73000336,92.79000092,30891,0.120002747,0,0.084322714,0.061329264,1.374918067,57.89328424
283,2024-10-08 14:00:00+05:30,92.83999634,92.94999695,93.15000153,92.83999634,92.94999695,209554,0.219993591,0,0.094013491,0.056948603,1.650848068,62.27622351
284,2024-10-08 14:01:00+05:30,92.94999695,92.97000122,92.98000336,92.91000366,92.97000122,23800,0.130004883,0,0.096584304,0.052880845,1.826451597,64.61994958
285,2024-10-08 14:02:00+05:30,92.97000122,93.23999786,93.5,92.97000122,93.23999786,568935,0.290000916,0,0.110399777,0.049103642,2.248301184,69.21467735
286,2024-10-08 14:03:00+05:30,93.30000305,93.62999725,93.62999725,93.26000214,93.62999725,391245,0.659996033,0,0.149656652,0.045596239,3.28221483,76.64759851
287,2024-10-08 14:04:00+05:30,93.80000305,93.80000305,93.81999969,93.56999969,93.80000305,380835,0.5,0,0.174681177,0.042339365,4.125739193,80.49061877
288,2024-10-08 14:05:00+05:30,93.72000122,93.68000031,93.97000122,93.65000153,93.68000031,535654,0,0.120002747,0.16220395,0.047886749,3.387240782,77.20663055
289,2024-10-08 14:06:00+05:30,93.69000244,93.91000366,94.15000153,93.66000366,93.91000366,552583,0.190002441,0,0.164189556,0.044466267,3.692451987,78.68917993
290,2024-10-08 14:07:00+05:30,94,93.79000092,94.02999878,93.72000122,93.79000092,139828,0.099998474,0,0.159604479,0.041290105,3.865441329,79.4468799
291,2024-10-08 14:08:00+05:30,93.79000092,93.37000275,93.79000092,93.30000305,93.37000275,301263,0,0.629997253,0.148204159,0.083340616,1.778294506,64.00669555
292,2024-10-08 14:09:00+05:30,93.37000275,93.34999847,93.44999695,93.23000336,93.34999847,105034,0,0.440002441,0.137618148,0.10881646,1.264681347,55.84367747
293,2024-10-08 14:10:00+05:30,93.34999847,93.23999786,93.40000153,93.19999695,93.23999786,162691,0,0.130004883,0.12778828,0.110329919,1.158237775,53.66590226
294,2024-10-08 14:11:00+05:30,93.30999756,93.38999939,93.38999939,93.26000214,93.38999939,111465,0.040000916,0,0.121517754,0.102449211,1.186126796,54.25699911
295,2024-10-08 14:12:00+05:30,93.33000183,93.40000153,93.55000305,93.33000183,93.40000153,92291,0.090003967,0,0.119266769,0.09513141,1.253705473,55.62862974
296,2024-10-08 14:13:00+05:30,95.09999847,95.19999695,95.40000153,95,95.19999695,3528076,1.869995117,0,0.244318794,0.088336309,2.765779964,73.4450762
297,2024-10-08 14:14:00+05:30,95.19999695,95.97000122,96.11000061,95.13999939,95.97000122,1560852,0.870002747,0,0.289010505,0.082026573,3.523376572,77.89262105
298,2024-10-08 14:15:00+05:30,95.98999786,96.18000031,96.41000366,95.90000153,96.18000031,1297851,0.980003357,0,0.338367137,0.076167532,4.442406479,81.62577522
299,2024-10-08 14:16:00+05:30,96.30000305,96.08999634,96.43000031,96.01999664,96.08999634,644958,0.099998474,0,0.321340804,0.070726994,4.543396889,81.96051952
300,2024-10-08 14:17:00+05:30,96.08999634,95.69999695,96.15000153,95.69999695,95.69999695,735701,0,0.600006104,0.29838789,0.108532645,2.749291613,73.32829497
301,2024-10-08 14:18:00+05:30,95.62999725,95.44000244,95.70999908,95.38999939,95.44000244,404583,0,0.649993896,0.277074469,0.147208448,1.882191356,65.30417739
302,2024-10-08 14:19:00+05:30,95.37999725,95.37999725,95.73000336,95.30999756,95.37999725,368573,0,0.25,0.257283435,0.154550702,1.664718646,62.47258594
303,2024-10-08 14:20:00+05:30,95.43000031,95.59999847,95.77999878,95.31999969,95.59999847,237428,0.220001221,0,0.25462042,0.143511366,1.774217798,63.95380346
304,2024-10-08 14:21:00+05:30,95.61000061,96.27999878,96.45999908,95.56999969,96.27999878,770377,0.849998474,0,0.297147424,0.133260554,2.229822813,69.03854923
305,2024-10-08 14:22:00+05:30,96.26999664,96.06999969,96.69999695,96.06999969,96.06999969,1072242,0.459999084,0,0.308779685,0.123741943,2.495351837,71.39057678
306,2024-10-08 14:23:00+05:30,96.08000183,96.12999725,96.22000122,95.91000366,96.12999725,550370,0,0.13999939,0.286723994,0.124903189,2.295569832,69.65623395
307,2024-10-08 14:24:00+05:30,96.11000061,95.72000122,96.29000092,95.72000122,95.72000122,489791,0,0.36000061,0.266243708,0.141695862,1.878980119,65.26547741
308,2024-10-08 14:25:00+05:30,95.72000122,96.08000183,96.15000153,95.55000305,96.08000183,635414,0,0.029998779,0.247226301,0.133717499,1.848870207,64.89836576
309,2024-10-08 14:26:00+05:30,96.05999756,96.15000153,96.25,95.93000031,96.15000153,376337,0.430000305,0,0.260281587,0.124166249,2.096234589,67.70270562
310,2024-10-08 14:27:00+05:30,96.16000366,95.87000275,96.40000153,95.81999969,95.87000275,369159,0,0.189994812,0.241690045,0.12886829,1.875481126,65.22321114
311,2024-10-08 14:28:00+05:30,95.84999847,95.76000214,95.84999847,95.66000366,95.76000214,216863,0,0.400001526,0.22442647,0.148234949,1.513991614,60.2226199
312,2024-10-08 14:29:00+05:30,95.77999878,95.97000122,96.05000305,95.69999695,95.97000122,192365,0.120002747,0,0.216967633,0.137646739,1.576264247,61.18410597
313,2024-10-08 14:30:00+05:30,95.97000122,95.94000244,95.98000336,95.83000183,95.94000244,84562,0.160003662,0,0.212898778,0.127814829,1.66568136,62.486139
314,2024-10-08 14:31:00+05:30,95.87000275,95.90000153,96.23999786,95.87000275,95.90000153,190240,0,0.069999695,0.197691722,0.123685176,1.598346124,61.51398035
315,2024-10-08 14:32:00+05:30,95.94000244,95.40000153,95.94000244,95.36000061,95.40000153,456865,0,0.470001221,0.183570885,0.148422037,1.236816911,55.29361411
316,2024-10-08 14:33:00+05:30,95.38999939,95.08999634,95.48999786,94.80999756,95.08999634,1039231,0,0.850006104,0.170458679,0.198535184,0.858581714,46.19553219
317,2024-10-08 14:34:00+05:30,95.08999634,94.84999847,95.12000275,94.83000183,94.84999847,272979,0,0.540000916,0.158283059,0.222925594,0.71002641,41.521371
318,2024-10-08 14:35:00+05:30,94.90000153,94.80999756,95.09999847,94.73000336,94.80999756,469066,0,0.279998779,0.146977126,0.22700225,0.64746991,39.30086406
319,2024-10-08 14:36:00+05:30,94.83999634,95.23000336,95.23000336,94.76000214,95.23000336,323086,0.330001831,0,0.160050319,0.210787803,0.759295921,43.15907927
320,2024-10-08 14:37:00+05:30,95.19999695,95.06999969,95.22000122,95,95.06999969,212616,0.230003357,0,0.165046965,0.195731532,0.843231356,45.74745071
321,2024-10-08 14:38:00+05:30,95.13999939,95.33999634,95.41999817,95.01999664,95.33999634,293484,0.13999939,0,0.163257852,0.181750708,0.898251535,47.31994249
322,2024-10-08 14:39:00+05:30,95.26000214,95.37000275,95.47000122,95.25,95.37000275,150350,0.230003357,0,0.168025388,0.168768515,0.995596773,49.88967642
323,2024-10-08 14:40:00+05:30,95.44000244,95.41000366,95.5,95.37000275,95.41000366,91973,0.150001526,0,0.16673797,0.156713621,1.063966035,51.54959031
324,2024-10-08 14:41:00+05:30,95.41000366,95.25,95.41000366,95.19999695,95.25,110365,0,0.190002441,0.154828115,0.159091394,0.973202329,49.32095987
325,2024-10-08 14:42:00+05:30,95.23000336,95.01000214,95.29000092,94.87000275,95.01000214,194536,0,0.400001526,0.143768964,0.17629926,0.815482512,44.9182246
326,2024-10-08 14:43:00+05:30,95.05999756,94.88999939,95.16000366,94.81999969,94.88999939,246967,0,0.340003967,0.133499752,0.187992454,0.710133569,41.52503534
327,2024-10-08 14:44:00+05:30,94.88999939,94.93000031,95.08999634,94.80000305,94.93000031,162099,0,0.129997253,0.123964055,0.183849939,0.67426759,40.27239097
328,2024-10-08 14:45:00+05:30,94.91999817,94.75,94.93000031,94.54000092,94.75,490838,0,0.13999939,0.11510948,0.180717757,0.636957219,38.91104859
329,2024-10-08 14:46:00+05:30,94.75,94.55999756,94.84999847,94.51000214,94.55999756,166859,0,0.36000061,0.106887374,0.193523675,0.552321953,35.58037378
330,2024-10-08 14:47:00+05:30,94.65000153,94.65000153,94.77999878,94.55000305,94.65000153,172811,0,0.099998474,0.099252562,0.186843304,0.531207487,34.69206437
331,2024-10-08 14:48:00+05:30,94.69999695,94.70999908,94.80000305,94.59999847,94.70999908,138766,0.059997559,0,0.096448633,0.173497353,0.555908382,35.7288635
332,2024-10-08 14:49:00+05:30,94.72000122,94.66000366,94.73000336,94.61000061,94.66000366,127567,0,0.039993286,0.089559445,0.163961349,0.54622291,35.32627193
333,2024-10-08 14:50:00+05:30,94.66000366,94.62999725,94.69999695,94.48999786,94.62999725,213109,0,0.090003967,0.083162342,0.158678679,0.524092729,34.38719438
334,2024-10-08 14:51:00+05:30,94.65000153,94.61000061,94.69000244,94.51000214,94.61000061,82659,0,0.050003052,0.077222174,0.150916134,0.511689324,33.84884155
335,2024-10-08 14:52:00+05:30,94.61000061,94.41999817,94.62000275,94.16000366,94.41999817,328912,0,0.230003357,0.071706305,0.156565221,0.457996382,31.41272419
336,2024-10-08 14:53:00+05:30,94.41999817,94.52999878,94.55000305,94.33000183,94.52999878,175227,0,0.080001831,0.066584426,0.151096408,0.440675109,30.58809766
337,2024-10-08 14:54:00+05:30,94.45999908,94.65000153,94.93000031,94.43000031,94.65000153,282721,0.230003357,0,0.078257207,0.140303807,0.55776966,35.80565691
338,2024-10-08 14:55:00+05:30,94.69000244,94.51000214,94.69999695,94.51000214,94.51000214,75383,0.050003052,0,0.076239053,0.130282107,0.585184373,36.91585552
339,2024-10-08 14:56:00+05:30,94.55000305,94.48999786,94.59999847,94.37000275,94.48999786,138104,0,0.200004578,0.070793406,0.135262283,0.523378762,34.35644337
340,2024-10-08 14:57:00+05:30,94.44999695,94.65000153,94.65000153,94.44999695,94.65000153,97544,0.099998474,0,0.072879482,0.125600691,0.580247462,36.71877198
341,2024-10-08 14:58:00+05:30,94.69000244,94.95999908,94.95999908,94.69000244,94.95999908,163080,0.510002136,0,0.104102529,0.116629213,0.89259394,47.16246424
342,2024-10-08 14:59:00+05:30,94.91000366,95.02999878,95.02999878,94.84999847,95.02999878,311321,0.339996338,0,0.120952087,0.108298555,1.116839339,52.75975925
343,2024-10-08 15:00:00+05:30,95.08000183,95.01999664,95.19000244,95.01999664,95.01999664,216379,0.109992981,0,0.120169294,0.100562944,1.194965945,54.4412066
344,2024-10-08 15:01:00+05:30,95.01000214,94.69999695,95.01000214,94.69999695,94.69999695,161563,0,0.380004883,0.111585773,0.120523083,0.925845657,48.07475893
345,2024-10-08 15:02:00+05:30,94.61000061,94.61000061,94.65000153,94.51999664,94.61000061,158035,0,0.400001526,0.10361536,0.140485829,0.737550266,42.44770817
346,2024-10-08 15:03:00+05:30,94.65000153,94.61000061,94.65000153,94.55000305,94.61000061,81779,0,0,0.096214263,0.130451127,0.737550266,42.44770817
347,2024-10-08 15:04:00+05:30,94.61000061,94.65000153,94.65000153,94.47000122,94.65000153,318100,0,0,0.089341816,0.121133189,0.737550266,42.44770817
348,2024-10-08 15:05:00+05:30,94.72000122,94.75,95.12000275,94.72000122,94.75,345554,0.13999939,0,0.092960214,0.112480818,0.826453926,45.24909795
349,2024-10-08 15:06:00+05:30,94.79000092,94.80000305,94.83999634,94.73999786,94.80000305,106178,0.080001831,0,0.092034615,0.104446474,0.881165361,46.84146218
350,2024-10-08 15:07:00+05:30,94.87999725,94.83000183,94.88999939,94.80000305,94.83000183,120013,0.040000916,0,0.088317922,0.096986012,0.910625365,47.66111565
351,2024-10-08 15:08:00+05:30,94.84999847,95.05000305,95.05000305,94.80999756,95.05000305,275050,0.170005798,0,0.094152771,0.090058439,1.045463048,51.11131433
352,2024-10-08 15:09:00+05:30,95.01999664,94.87000275,95.27999878,94.81999969,94.87000275,260303,0.020004272,0,0.088856449,0.083625694,1.062549622,51.51631799
353,2024-10-08 15:10:00+05:30,94.80999756,95.04000092,95.08999634,94.80999756,95.04000092,206812,0.020004272,0,0.083938437,0.07765243,1.080950548,51.94503776
354,2024-10-08 15:11:00+05:30,94.86000061,94.94999695,95,94.84999847,94.94999695,205046,0.13999939,0,0.08794279,0.072105828,1.219634988,54.94754745
355,2024-10-08 15:12:00+05:30,95.09999847,95.04000092,95.09999847,95,95.04000092,305752,0.180000305,0,0.094518327,0.066955412,1.411660761,58.53479826
356,2024-10-08 15:13:00+05:30,95,95.05000305,95.19000244,95,95.05000305,161131,0,0.049995422,0.087767018,0.065743984,1.334981745,57.17311272
357,2024-10-08 15:14:00+05:30,95.08000183,95.44999695,95.48000336,95.05000305,95.44999695,313459,0.449996948,0,0.113640585,0.061047985,1.86149608,65.05324585
358,2024-10-08 15:15:00+05:30,95.76000214,95.29000092,95.76000214,95.26000214,95.29000092,598323,0.209999084,0,0.120523335,0.056687415,2.126103925,68.0113002
359,2024-10-08 15:16:00+05:30,95.26000214,95.31999969,95.40000153,95.19999695,95.31999969,174414,0,0.440002441,0.111914525,0.084067059,1.331253,57.10461285
360,2024-10-08 15:17:00+05:30,95.40000153,95.5,95.5,95.33000183,95.5,250944,0.239997864,0,0.121063335,0.078062269,1.550855949,60.7974727
361,2024-10-08 15:18:00+05:30,95.55000305,95.66000366,95.66000366,95.5,95.66000366,351280,0.260002136,0,0.130987535,0.072486393,1.807063775,64.37558673
362,2024-10-08 15:19:00+05:30,95.69000244,95.95999908,95.95999908,95.69000244,95.95999908,561928,0.409996033,0,0.150916713,0.067308793,2.242154488,69.15631245
363,2024-10-08 15:20:00+05:30,95.90000153,96.04000092,96.37999725,95.80000305,96.04000092,1340770,0.349998474,0,0.165136839,0.062501023,2.6421462,72.54366121
364,2024-10-08 15:21:00+05:30,95.97000122,95.44999695,95.97000122,95.44999695,95.44999695,190677,0,0.450004578,0.153341351,0.090179848,1.700394869,62.96837875
365,2024-10-08 15:22:00+05:30,95.51999664,95.55999756,95.62999725,95.5,95.55999756,127523,0,0.410003662,0.142388397,0.113024406,1.259802214,55.74833967
366,2024-10-08 15:23:00+05:30,95.55999756,95.75,95.83999634,95.55999756,95.75,224744,0.230003357,0,0.148646608,0.104951234,1.416339785,58.61509187
367,2024-10-08 15:24:00+05:30,95.75,95.69999695,95.87999725,95.66999817,95.69999695,518155,0.13999939,0,0.14802895,0.097454717,1.518951097,60.30093632
368,2024-10-08 15:25:00+05:30,95.68000031,95.66000366,95.69999695,95.59999847,95.66000366,116701,0,0.089996338,0.137455454,0.096921976,1.418207295,58.64705222
369,2024-10-08 15:26:00+05:30,95.63999939,95.5,95.69000244,95.5,95.5,179547,0,0.180000305,0.127637207,0.102856142,1.240929359,55.37565715
370,2024-10-08 15:27:00+05:30,95.5,95.48999786,95.51999664,95.36000061,95.48999786,217000,0,0.150001526,0.118520264,0.10622367,1.115761334,52.73568979
371,2024-10-08 15:28:00+05:30,95.48999786,95.48999786,95.5,95.43000031,95.48999786,196602,0,0.010002136,0.11005453,0.099350703,1.107737811,52.5557688
372,2024-10-08 15:29:00+05:30,95.48999786,95.5,95.5,95.41000366,95.5,268605,0.010002136,0,0.102907931,0.092254224,1.115482045,52.72944989
